{
  "seed": 1,
  "config": {
    "n_train": 4,
    "n_ood": [
      6,
      8,
      10,
      12,
      14
    ],
    "steps": 6000,
    "episodes": 256,
    "ep_len": 100,
    "batch": 256,
    "lr": 0.0003,
    "hidden": 128,
    "n_layers": 2,
    "d_model": 64,
    "ent_layers": 2,
    "n_heads": 4,
    "max_entities": 16
  },
  "probe_protocol": "heldout_ridge_r2 (80/20 split, standardized, lam=10); target=MC return-to-go; latent=monolith encode() / entity mean-pooled final tokens",
  "value_relevant_entities": [
    0,
    1,
    2,
    3
  ],
  "results": {
    "monolith_pool": {
      "train_metrics": {
        "loss": 176.52220153808594,
        "q_loss": 176.23150634765625,
        "reward_loss": 0.289306640625,
        "self_loss": 0.0013875523582100868
      },
      "nparams": 85510,
      "r2_indist": 0.8623,
      "per_N": {
        "4": {
          "r2_perN": 0.8623,
          "r2_transfer": 0.8623,
          "n_samples": 25600,
          "latent_dim": 128
        },
        "6": {
          "r2_perN": 0.8088,
          "r2_transfer": 0.0126,
          "n_samples": 25600,
          "latent_dim": 128
        },
        "8": {
          "r2_perN": 0.8446,
          "r2_transfer": 0.3518,
          "n_samples": 25600,
          "latent_dim": 128
        },
        "10": {
          "r2_perN": 0.8565,
          "r2_transfer": -0.1121,
          "n_samples": 25600,
          "latent_dim": 128
        },
        "12": {
          "r2_perN": 0.8707,
          "r2_transfer": -0.3296,
          "n_samples": 25600,
          "latent_dim": 128
        },
        "14": {
          "r2_perN": 0.8749,
          "r2_transfer": -0.5633,
          "n_samples": 25600,
          "latent_dim": 128
        }
      }
    },
    "monolith_pad": {
      "train_metrics": {
        "loss": 58.29106903076172,
        "q_loss": 58.241737365722656,
        "reward_loss": 0.048337455838918686,
        "self_loss": 0.0009944636840373278
      },
      "nparams": 92678,
      "r2_indist": 0.933,
      "per_N": {
        "4": {
          "r2_perN": 0.933,
          "r2_transfer": 0.933,
          "n_samples": 25600,
          "latent_dim": 128
        },
        "6": {
          "r2_perN": 0.8867,
          "r2_transfer": 0.5005,
          "n_samples": 25600,
          "latent_dim": 128
        },
        "8": {
          "r2_perN": 0.859,
          "r2_transfer": 0.2467,
          "n_samples": 25600,
          "latent_dim": 128
        },
        "10": {
          "r2_perN": 0.8596,
          "r2_transfer": -0.8714,
          "n_samples": 25600,
          "latent_dim": 128
        },
        "12": {
          "r2_perN": 0.8577,
          "r2_transfer": -1.5366,
          "n_samples": 25600,
          "latent_dim": 128
        },
        "14": {
          "r2_perN": 0.8339,
          "r2_transfer": -1.7785,
          "n_samples": 25600,
          "latent_dim": 128
        }
      }
    },
    "entity_wm": {
      "train_metrics": {
        "loss": 13.940811157226562,
        "q_loss": 13.755163192749023,
        "reward_loss": 0.16469427943229675,
        "self_loss": 0.02095373347401619
      },
      "nparams": 114438,
      "r2_indist": 0.9237,
      "per_N": {
        "4": {
          "r2_perN": 0.9237,
          "r2_transfer": 0.9237,
          "n_samples": 25600,
          "latent_dim": 64
        },
        "6": {
          "r2_perN": 0.8087,
          "r2_transfer": -0.4859,
          "n_samples": 25600,
          "latent_dim": 64
        },
        "8": {
          "r2_perN": 0.8742,
          "r2_transfer": 0.6677,
          "n_samples": 25600,
          "latent_dim": 64
        },
        "10": {
          "r2_perN": 0.8703,
          "r2_transfer": 0.6195,
          "n_samples": 25600,
          "latent_dim": 64
        },
        "12": {
          "r2_perN": 0.8889,
          "r2_transfer": 0.6197,
          "n_samples": 25600,
          "latent_dim": 64
        },
        "14": {
          "r2_perN": 0.8871,
          "r2_transfer": 0.6316,
          "n_samples": 25600,
          "latent_dim": 64
        }
      }
    }
  },
  "wall_time_sec": 358.9
}