{
  "flat_raw": {
    "n": 3,
    "best": [
      1.0,
      1.0,
      1.0
    ],
    "final": [
      1.0,
      1.0,
      1.0
    ],
    "mindist": [
      0.06378678977489471,
      0.06341485679149628,
      0.06602690368890762
    ],
    "eff": [
      1.4297598698011156,
      1.399456368233318,
      1.4270857388308233
    ],
    "ce": [
      0.0,
      0.0,
      0.0
    ],
    "zstd": [
      0.13449623152263795,
      0.13854534951907477,
      0.1362172177964497
    ]
  },
  "hjepa2_raw": {
    "n": 3,
    "best": [
      1.0,
      1.0,
      1.0
    ],
    "final": [
      0.90625,
      1.0,
      0.984375
    ],
    "mindist": [
      0.06770164519548416,
      0.06550676375627518,
      0.06447715312242508
    ],
    "eff": [
      1.2060776208305508,
      1.4478090102361054,
      1.3941912313519635
    ],
    "ce": [
      0.0,
      0.0,
      0.0
    ],
    "zstd": [
      0.1321803222765049,
      0.13357214597669062,
      0.14332421652532407
    ]
  },
  "flat": {
    "n": 3,
    "best": [
      0.59375,
      0.65625,
      0.65625
    ],
    "final": [
      0.578125,
      0.5,
      0.578125
    ],
    "mindist": [
      0.09623811393976212,
      0.08545331656932831,
      0.08618731796741486
    ],
    "eff": [
      1.0069007244605503,
      1.0097457269492096,
      1.125797953237075
    ],
    "ce": [
      0.000517004941319306,
      0.000517004941319306,
      0.00336894437568459
    ],
    "zstd": [
      0.0011220158075825617,
      0.001531762261778048,
      0.006799507955678385
    ]
  },
  "hjepa2": {
    "n": 3,
    "best": [
      0.578125,
      0.65625,
      0.59375
    ],
    "final": [
      0.546875,
      0.515625,
      0.5625
    ],
    "mindist": [
      0.09863758087158203,
      0.08473192900419235,
      0.08820484578609467
    ],
    "eff": [
      9.250250626678407e-05,
      9.406809105372662e-08,
      0.0008669052305501086
    ],
    "ce": [
      0.0,
      0.0,
      0.0
    ],
    "zstd": [
      4.518513657330362e-06,
      1.066976173922205e-06,
      1.331082806409231e-05
    ]
  }
}
