{
  "task": "PandaPickCube",
  "final_from_step": 400000,
  "arms": {
    "geoglass": {
      "probe_id": "phasei29_geo",
      "n": 5,
      "peak_mean": 1943.7,
      "final_mean": 1247.1266666666666,
      "final_per_seed": [
        637.6,
        832.5,
        1136.1,
        1627.7,
        2001.7
      ],
      "final_ci95": [
        815.28,
        1693.0466666666666
      ]
    },
    "behavglass": {
      "probe_id": "phasei29_behav",
      "n": 5,
      "peak_mean": 2268.2799999999997,
      "final_mean": 1586.2400000000002,
      "final_per_seed": [
        1093.6,
        1100.3,
        1519.5,
        1546.2,
        2671.6
      ],
      "final_ci95": [
        1181.46,
        2130.9400000000005
      ]
    },
    "vanilla": {
      "probe_id": "phasei27_van",
      "n": 5,
      "peak_mean": 2232.8599999999997,
      "final_mean": 1415.6933333333334,
      "final_per_seed": [
        838.3,
        841.1,
        1693.7,
        1796.1,
        1909.3
      ],
      "final_ci95": [
        1010.4933333333335,
        1820.8933333333334
      ]
    },
    "jumpy": {
      "probe_id": "phasei27_jum",
      "n": 5,
      "peak_mean": 2449.7,
      "final_mean": 1872.186666666667,
      "final_per_seed": [
        778.9,
        1580.0,
        1886.9,
        2501.4,
        2613.8
      ],
      "final_ci95": [
        1259.5533333333333,
        2423.4399999999996
      ]
    }
  }
}