{
  "tag": "gate0b",
  "config": {
    "n_train": 4,
    "n_ood": [
      6
    ],
    "steps": 8000,
    "episodes": 256,
    "ep_len": 100,
    "seed": 0,
    "batch": 256,
    "lr": 0.0003,
    "d_model": 64,
    "n_layers": 2,
    "n_heads": 4,
    "probe_states": 512,
    "tag": "gate0b"
  },
  "ret_standardization": {
    "mean": -67.6617660522461,
    "std": 37.41436767578125
  },
  "train_metrics": {
    "loss": 0.007959654554724693,
    "q_loss": 0.004163067787885666,
    "reward_loss": 0.0026337599847465754,
    "self_loss": 0.0011628265492618084
  },
  "per_n": {
    "4": {
      "value_reward_head": {
        "graph": "value_reward",
        "ap": 0.5,
        "auc": 0.625,
        "ap_null_mean": 0.5094833333333334,
        "ap_null_std": 0.12316907868635064,
        "ap_z_over_null": -0.07699443202370801,
        "chance_ap": 0.3333333333333333,
        "top5_pairs": [
          [
            1,
            3
          ],
          [
            2,
            3
          ],
          [
            1,
            2
          ],
          [
            0,
            1
          ],
          [
            0,
            3
          ]
        ],
        "top5_scores": [
          0.42463,
          0.393453,
          0.367454,
          0.293678,
          0.216804
        ]
      },
      "value_q_head": {
        "graph": "value_q",
        "ap": 0.5,
        "auc": 0.625,
        "ap_null_mean": 0.5094833333333334,
        "ap_null_std": 0.12316907868635064,
        "ap_z_over_null": -0.07699443202370801,
        "chance_ap": 0.3333333333333333,
        "top5_pairs": [
          [
            1,
            3
          ],
          [
            2,
            3
          ],
          [
            0,
            3
          ],
          [
            0,
            1
          ],
          [
            1,
            2
          ]
        ],
        "top5_scores": [
          0.517204,
          0.472164,
          0.448508,
          0.446689,
          0.406287
        ]
      },
      "similarity": {
        "graph": "similarity",
        "ap": 0.75,
        "auc": 0.75,
        "ap_null_mean": 0.5096916666666668,
        "ap_null_std": 0.17438571372901446,
        "ap_z_over_null": 1.3780276309143715,
        "chance_ap": 0.3333333333333333,
        "top5_pairs": [
          [
            0,
            1
          ],
          [
            1,
            2
          ],
          [
            1,
            3
          ],
          [
            2,
            3
          ],
          [
            0,
            3
          ]
        ],
        "top5_scores": [
          0.715508,
          0.64685,
          0.588869,
          0.564311,
          0.535358
        ]
      },
      "attention": {
        "graph": "attention",
        "ap": 0.75,
        "auc": 0.75,
        "ap_null_mean": 0.5093083333333334,
        "ap_null_std": 0.16921188045202712,
        "ap_z_over_null": 1.422427695982475,
        "chance_ap": 0.3333333333333333,
        "top5_pairs": [
          [
            0,
            1
          ],
          [
            0,
            3
          ],
          [
            0,
            2
          ],
          [
            2,
            3
          ],
          [
            1,
            3
          ]
        ],
        "top5_scores": [
          0.28032,
          0.256853,
          0.237237,
          0.227709,
          0.198781
        ]
      },
      "value_minus_similarity_ap": -0.25,
      "positives": [
        [
          0,
          1
        ],
        [
          2,
          3
        ]
      ],
      "coupling_nnz": 6
    },
    "6": {
      "value_reward_head": {
        "graph": "value_reward",
        "ap": 0.1534090909090909,
        "auc": 0.38461538461538464,
        "ap_null_mean": 0.27175711233211236,
        "ap_null_std": 0.14604106051248558,
        "ap_z_over_null": -0.8103749739788316,
        "chance_ap": 0.13333333333333333,
        "top5_pairs": [
          [
            4,
            5
          ],
          [
            3,
            5
          ],
          [
            0,
            5
          ],
          [
            1,
            5
          ],
          [
            0,
            4
          ]
        ],
        "top5_scores": [
          0.295921,
          0.252667,
          0.247422,
          0.242014,
          0.237227
        ]
      },
      "value_q_head": {
        "graph": "value_q",
        "ap": 0.11858974358974358,
        "auc": 0.15384615384615385,
        "ap_null_mean": 0.26978669108669107,
        "ap_null_std": 0.14451738699483976,
        "ap_z_over_null": -1.0462197635508486,
        "chance_ap": 0.13333333333333333,
        "top5_pairs": [
          [
            4,
            5
          ],
          [
            3,
            4
          ],
          [
            3,
            5
          ],
          [
            2,
            4
          ],
          [
            1,
            5
          ]
        ],
        "top5_scores": [
          0.445053,
          0.424753,
          0.372386,
          0.368347,
          0.344099
        ]
      },
      "similarity": {
        "graph": "similarity",
        "ap": 0.6666666666666666,
        "auc": 0.8461538461538461,
        "ap_null_mean": 0.27301394300144294,
        "ap_null_std": 0.17390900482055158,
        "ap_z_over_null": 2.263555712988292,
        "chance_ap": 0.13333333333333333,
        "top5_pairs": [
          [
            0,
            1
          ],
          [
            1,
            2
          ],
          [
            4,
            5
          ],
          [
            1,
            3
          ],
          [
            1,
            5
          ]
        ],
        "top5_scores": [
          0.695581,
          0.674596,
          0.62294,
          0.589017,
          0.582922
        ]
      },
      "attention": {
        "graph": "attention",
        "ap": 0.6666666666666666,
        "auc": 0.8461538461538461,
        "ap_null_mean": 0.26371961510711517,
        "ap_null_std": 0.14608091572656084,
        "ap_z_over_null": 2.758382549815191,
        "chance_ap": 0.13333333333333333,
        "top5_pairs": [
          [
            0,
            1
          ],
          [
            0,
            2
          ],
          [
            0,
            3
          ],
          [
            0,
            5
          ],
          [
            0,
            4
          ]
        ],
        "top5_scores": [
          0.217109,
          0.191171,
          0.191149,
          0.170005,
          0.169241
        ]
      },
      "value_minus_similarity_ap": -0.5132575757575757,
      "positives": [
        [
          0,
          1
        ],
        [
          2,
          3
        ]
      ],
      "coupling_nnz": 6
    }
  },
  "verdict": {
    "instrument_go": false,
    "criteria": {
      "reward_ap_in_dist": 0.5,
      "reward_ap_z_over_null_in_dist": -0.07699443202370801,
      "value_minus_similarity_ap_in_dist": -0.25,
      "ood_z_over_null_ge_3": false
    },
    "interpretation": "GO: value-coupling graph recovers known pairs above null AND beats similarity AND persists OOD -> build the real multi-object env. NO-GO: instrument cannot recover known structure -> fold into the redundancy-principle paper."
  },
  "wall_time_sec": 245.90238094329834
}