{
  "Pick_jumk2": {
    "n": 3,
    "final_mean": 1615.6666666666667,
    "per_seed": {
      "0": 1078,
      "1": 1220,
      "2": 2549
    }
  },
  "Pick_jumk8": {
    "n": 3,
    "final_mean": 1302.3,
    "per_seed": {
      "0": 1080,
      "1": 920,
      "2": 1906
    }
  },
  "Ori_jumk2": {
    "n": 3,
    "final_mean": 1487.211111111111,
    "per_seed": {
      "0": 963,
      "1": 1808,
      "2": 1691
    }
  },
  "Ori_jumk8": {
    "n": 3,
    "final_mean": 1468.9333333333334,
    "per_seed": {
      "0": 1480,
      "1": 1111,
      "2": 1816
    }
  },
  "Cab_jumk2": {
    "n": 3,
    "final_mean": 596.4,
    "per_seed": {
      "0": 491,
      "1": 810,
      "2": 488
    }
  },
  "Cab_jumk8": {
    "n": 3,
    "final_mean": 694.3666666666667,
    "per_seed": {
      "0": 529,
      "1": 655,
      "2": 899
    }
  },
  "Pick_jum_k4_n8": {
    "n": 8,
    "final_mean": 1968.6208333333334,
    "per_seed": {
      "0": 779,
      "1": 2614,
      "2": 1887,
      "3": 1580,
      "4": 2501,
      "5": 1806,
      "6": 2575,
      "7": 2007
    }
  },
  "Pick_van_n8": {
    "n": 8,
    "final_mean": 1354.9125,
    "per_seed": {
      "0": 841,
      "1": 1694,
      "2": 1796,
      "3": 838,
      "4": 1909,
      "5": 1933,
      "6": 1357,
      "7": 471
    }
  }
}