{
  "measured_gains": {
    "Pick": 0.32,
    "Ori": 0.9,
    "Cab": 0.0
  },
  "per_task_signals": {
    "Pick": {
      "npz": "exp/tdmpc_glass/se_dump/panda_fcheck.npz",
      "env": "PandaPickCube",
      "k": 4,
      "n_states": 6000,
      "latent_speed_med": 0.02647344209253788,
      "latent_speed_cv": 1.7678123712539673,
      "err_med": 0.21494708955287933,
      "err_cv": 0.3373659551143646,
      "kstep_disp_med": 0.08511050045490265,
      "err_rel": 2.525506019592285,
      "disc_med": 0.24105852842330933,
      "disc_err_gap": 1.1214784383773804,
      "perturb_inflation": 1.0133439302444458
    },
    "Ori": {
      "npz": "exp/tdmpc_glass/se_dump/ori_mech_seed1_k4_mech.npz",
      "env": "PandaPickCubeOrientation",
      "k": 4,
      "n_states": 12000,
      "latent_speed_med": 0.0007913192384876311,
      "latent_speed_cv": 2.5259580612182617,
      "err_med": 0.2155759036540985,
      "err_cv": 0.29130664467811584,
      "kstep_disp_med": 0.002515251748263836,
      "err_rel": 85.70745086669922,
      "disc_med": 0.28713423013687134,
      "disc_err_gap": 1.3319402933120728,
      "perturb_inflation": 1.0052900314331055
    },
    "Cab": {
      "npz": "exp/tdmpc_glass/se_dump/cab_mech_seed1_k4_mech.npz",
      "env": "PandaOpenCabinet",
      "k": 4,
      "n_states": 12000,
      "latent_speed_med": 0.0009822179563343525,
      "latent_speed_cv": 2.8038949966430664,
      "err_med": 0.6303691864013672,
      "err_cv": 0.1908872127532959,
      "kstep_disp_med": 0.0030706324614584446,
      "err_rel": 205.2896270751953,
      "disc_med": 0.5985469818115234,
      "disc_err_gap": 0.9495181441307068,
      "perturb_inflation": 0.9985650181770325
    }
  },
  "ordering_candidates": {
    "disc_err_gap": {
      "values": {
        "Ori": 1.3319402933120728,
        "Pick": 1.1214784383773804,
        "Cab": 0.9495181441307068
      },
      "consistent": "+"
    },
    "disc_med": {
      "values": {
        "Ori": 0.28713423013687134,
        "Pick": 0.24105852842330933,
        "Cab": 0.5985469818115234
      },
      "consistent": null
    },
    "err_cv": {
      "values": {
        "Ori": 0.29130664467811584,
        "Pick": 0.3373659551143646,
        "Cab": 0.1908872127532959
      },
      "consistent": null
    },
    "err_med": {
      "values": {
        "Ori": 0.2155759036540985,
        "Pick": 0.21494708955287933,
        "Cab": 0.6303691864013672
      },
      "consistent": null
    },
    "err_rel": {
      "values": {
        "Ori": 85.70745086669922,
        "Pick": 2.525506019592285,
        "Cab": 205.2896270751953
      },
      "consistent": null
    },
    "kstep_disp_med": {
      "values": {
        "Ori": 0.002515251748263836,
        "Pick": 0.08511050045490265,
        "Cab": 0.0030706324614584446
      },
      "consistent": null
    },
    "latent_speed_cv": {
      "values": {
        "Ori": 2.5259580612182617,
        "Pick": 1.7678123712539673,
        "Cab": 2.8038949966430664
      },
      "consistent": null
    },
    "latent_speed_med": {
      "values": {
        "Ori": 0.0007913192384876311,
        "Pick": 0.02647344209253788,
        "Cab": 0.0009822179563343525
      },
      "consistent": null
    },
    "perturb_inflation": {
      "values": {
        "Ori": 1.0052900314331055,
        "Pick": 1.0133439302444458,
        "Cab": 0.9985650181770325
      },
      "consistent": null
    }
  },
  "surviving_candidates": [
    "disc_err_gap"
  ],
  "honesty_note": "n=3 tasks: ordering consistency is hypothesis-generating only (chance ~1/3 per signed direction). The TEST is the pre-registered prediction on unseen tasks + the phasei30_jumk{2,8} dose-response."
}